Class,Recall
apple,0.9795597484276729
pepper,0.9816700610997964
tomato,0.994222833562586
