Class,Recall
apple,0.9842767295597484
pepper,0.9898167006109979
tomato,0.9884456671251719
